{
  "JMSConnectionList": [{
      "aliasName": "DEFAULT_IS_JMS_CONNECTION",
      "description": "system generated JMS connection alias",
      "state": "enabled"
    },
    {
      "aliasName": "EventBus",
      "description": "EDA EventBus",
      "state": "enabled"
    },
    {
      "aliasName": "PE_NONTRANSACTIONAL_ALIAS",
      "description": "system generated JMS connection alias",
      "state": "enabled"
    }
  ],
  "startupServiceList": [
    "CBAdminStartStopLocal.Util.Misc:logStart"
  ],
  "Tasks": [{
      "taskID": "b84447c0-50fd-11e7-b588-c9817ac9c320",
      "state": "enabled",
      "description": null,
      "service": "wm.monitor.admin:imageCleanup"
    },
    {
      "taskID": "11a3f270-c877-11e7-8102-ffffffffc197",
      "state": "suspended",
      "description": "MQ Queue Monitoring",
      "service": "CBActivityMonitoringMQ.Interface:sendMQQueueStatus"
    },
    {
      "taskID": "10bc78a0-c877-11e7-bde6-ffffffffc309",
      "state": "unknown",
      "description": "CBAdministration.Interface:deleteProcessData",
      "service": "CBAdministration.Interface:deleteProcessData"
    },
    {
      "taskID": "11151ff0-c877-11e7-a27f-ffffffffc23d",
      "state": "enabled",
      "description": "EHErrorManagement.Interface:cleanupErrors",
      "service": "EHErrorManagement.Interface:cleanupErrors"
    },
    {
      "taskID": "10dc5cb0-c877-11e7-9006-ffffffffc29c",
      "state": "enabled",
      "description": "checkCertificates",
      "service": "CBCertAdmin.Interface:checkCertificates"
    }, {
      "taskID": "10f90c70-c877-11e7-9b8a-ffffffffc25a",
      "state": "enabled",
      "description": "EHGlobal.Util.Event.EventHandler:eventScheduledJob",
      "service": "EHGlobal.Util.Event.EventHandler:eventScheduledJob"
    }, {
      "taskID": "11304910-c877-11e7-bfa0-ffffffffc238",
      "state": "enabled",
      "description": "Recreate Error Hashmap",
      "service": "EHErrorManagement.Util:recreateErrorHashmap"
    },
    {
      "taskID": "11555d40-c877-11e7-984b-ffffffffc205",
      "state": "enabled",
      "description": "checkKeystores",
      "service": "CBCertAdmin.Keystore.Interfaces:checkKeystores"
    }, {
      "taskID": "11708660-c877-11e7-881e-ffffffffc1f1",
      "state": "enabled",
      "description": "CBActivityMonitoringJVM.Interface:sendJVMInfoRuntimeEvent",
      "service": "CBActivityMonitoringJVM.Interface:sendJVMInfoRuntimeEvent"
    }, {
      "taskID": "118a9e10-c877-11e7-86ae-ffffffffc1c0",
      "state": "enabled",
      "description": "CBActivityMonitoringJVM.Interface:sendJVMInfoOSEvent",
      "service": "CBActivityMonitoringJVM.Interface:sendJVMInfoOSEvent"
    }, {
      "taskID": "11cc6200-c877-11e7-98d5-ffffffffc10e",
      "state": "enabled",
      "description": "CBActivityMonitoringJVM.Interface:sendJVMInfoMemoryEvent",
      "service": "CBActivityMonitoringJVM.Interface:sendJVMInfoMemoryEvent"
    }, {
      "taskID": "11e6c7d0-c877-11e7-babc-ffffffffc074",
      "state": "enabled",
      "description": "EHGlobal.Util.Polling.JobHandler:pollingScheduledJob",
      "service": "EHGlobal.Util.Polling.JobHandler:pollingScheduledJob"
    }, {
      "taskID": "12017bc0-c877-11e7-9584-ffffffffc04e",
      "state": "enabled",
      "description": "EHCaching.Interface.Admin:scheduledCleanup",
      "service": "EHCaching.Interface.Admin:scheduledCleanup"
    }, {
      "taskID": "bf4d53b0-b3e8-11e7-9005-ffffffaf4d09",
      "state": "enabled",
      "description": "TMp file clean-up scheduler",
      "service": "CBTMPFileProcessing.Service:cleanUpTmpFiles"
    }, {
      "taskID": "bf21afd0-b3e8-11e7-af00-ffffffaf4d5e",
      "state": "enabled",
      "description": "TMp scheduler",
      "service": "CBTMPCore.Service:tmpScheduler"
    }
  ],
  "portListeners": [{
    "listenerAlias": "DefaultHTTPS",
    "listenerKey": "HTTPSListener@5511",
    "package": "WmRoot",
    "state": "enabled"
  }, {
    "listenerAlias": "DefaultDiagnosticPort",
    "listenerKey": "HTTPSListener@5510",
    "package": "WmRoot",
    "state": "enabled"
  }, {
    "listenerAlias": "DefaultPrimary",
    "listenerKey": "HTTPListener@5515",
    "package": "WmRoot",
    "state": "disabled"
  }, {
    "listenerAlias": "CBTMP_RDP_FILE_POLLING",
    "listenerKey": "FilePollingListener:/var/wm/wm5511/ta2wmc06/download/RDP@MSG_RDP_TMP*.csv",
    "package": "CBTMPDbConnection",
    "state": "enabled"
  }, {
    "listenerAlias": "CBTMP_WST_FILE_POLLING",
    "listenerKey": "FilePollingListener:/var/wm/wm5511/ta2wmc06/download/WST@WST001*.csv",
    "package": "CBTMPDbConnection",
    "state": "enabled"
  }],
  "JMSTriggerList": [
    {
    "name": "wm.prt.status:BroadcastTrigger",
    "package": "WmPRT",
    "triggerType": "jms-trigger",
    "state": "enabled",
    "currentThreadCount": "0"
  }, {
    "name": "wm.prt.status:RestartTrigger",
    "package": "WmPRT",
    "triggerType": "jms-trigger",
    "state": "enabled",
    "currentThreadCount": "0"
  }],
  "registeredAdapterList": [{
    "adapterTypeName": "wmMQAdapter",
    "adapterDisplayName": "WebSphere MQ Adapter",
    "connectionList": [{
      "connectionAlias": "CBActivityMonitoringMQ.Connection:InquireQueues",
      "packageName": "CBActivityMonitoringMQ",
      "connectionState": "disabled"
    }],
    "listenerList": null,
    "listenerNotificationList": null
  }, {
    "adapterTypeName": "JDBCAdapter",
    "adapterDisplayName": "webMethods Adapter for JDBC",
    "connectionList": [{
      "connectionAlias": "CBAdministrationConnection.Connection:localArchive",
      "packageName": "CBAdministrationConnection",
      "connectionState": "enabled"
    }, {
      "connectionAlias": "CBTMPDbConnection.Connection:tmpInternalDbConnectionLTX",
      "packageName": "CBTMPDbConnection",
      "connectionState": "enabled"
    }, {
      "connectionAlias": "CBTMPDbConnection.Connection:tmpInternalDbConnectionNTX",
      "packageName": "CBTMPDbConnection",
      "connectionState": "enabled"
    }, {
      "connectionAlias": "EHCachingConnection.Connection:cachingLTX",
      "packageName": "EHCachingConnection",
      "connectionState": "enabled"
    }, {
      "connectionAlias": "EHGlobalConnection.JDBC:localLTX",
      "packageName": "EHGlobalConnection",
      "connectionState": "enabled"
    }, {
      "connectionAlias": "EHGlobalConnection.JDBC:localNTX",
      "packageName": "EHGlobalConnection",
      "connectionState": "enabled"
    }, {
      "connectionAlias": "EHGlobalConnection.JDBC:localXA",
      "packageName": "EHGlobalConnection",
      "connectionState": "enabled"
    }],
    "listenerList": null,
    "listenerNotificationList": null
  }]
}
